Timestamp,Source_IP,Target_Victim,Event,Status,Risk_Level
2026-01-03 15:51:51,Unknown,192.168.107.133,SSH Denial of Service,Auth Failure,High
2026-01-03 15:51:51,Unknown,192.168.107.133,SSH Denial of Service,Auth Failure,High
2026-01-03 15:51:51,192.168.107.132,192.168.107.133,SSH Denial of Service,Auth Failure,High
2026-01-03 15:51:52,192.168.107.132,192.168.107.133,SSH Brute Force,Auth Failure,High
2026-01-03 15:51:52,192.168.107.132,192.168.107.133,SSH Brute Force,Auth Failure,High
2026-01-03 15:51:52,192.168.107.132,192.168.107.133,SSH Brute Force,Auth Failure,High
2026-01-03 15:51:52,192.168.107.132,192.168.107.133,SSH Brute Force,Auth Failure,High
2026-01-03 15:51:52,192.168.107.132,192.168.107.133,SSH Brute Force,Auth Failure,High
2026-01-03 15:51:52,192.168.107.132,192.168.107.133,SSH Brute Force,Auth Failure,High
2026-01-03 15:51:52,192.168.107.132,192.168.107.133,SSH Brute Force,Auth Failure,High
2026-01-03 15:51:52,192.168.107.132,192.168.107.133,SSH Brute Force,Auth Failure,High
2026-01-03 15:51:52,192.168.107.132,192.168.107.133,SSH Brute Force,Auth Failure,High
2026-01-03 15:51:52,192.168.107.132,192.168.107.133,SSH Brute Force,Auth Failure,High
2026-01-03 15:51:52,192.168.107.132,192.168.107.133,SSH Brute Force,Auth Failure,High
2026-01-03 15:51:52,192.168.107.132,192.168.107.133,SSH Brute Force,Auth Failure,High
2026-01-03 15:51:52,192.168.107.132,192.168.107.133,SSH Brute Force,Auth Failure,High
2026-01-03 15:51:52,192.168.107.132,192.168.107.133,SSH Brute Force,Auth Failure,High
2026-01-03 15:51:53,192.168.107.132,192.168.107.133,SSH Brute Force,Auth Failure,High
2026-01-03 15:51:53,192.168.107.132,192.168.107.133,SSH Brute Force,Auth Failure,High
2026-01-03 15:51:53,192.168.107.132,192.168.107.133,SSH Brute Force,Auth Failure,High
2026-01-03 15:51:53,192.168.107.132,192.168.107.133,SSH Brute Force,Auth Failure,High
2026-01-03 15:51:53,192.168.107.132,192.168.107.133,SSH Brute Force,Auth Failure,High
2026-01-03 15:51:53,192.168.107.132,192.168.107.133,SSH Brute Force,Auth Failure,High
2026-01-03 15:51:53,192.168.107.132,192.168.107.133,SSH Brute Force,Auth Failure,High
2026-01-03 15:51:53,192.168.107.132,192.168.107.133,SSH Brute Force,Auth Failure,High
2026-01-03 15:51:53,192.168.107.132,192.168.107.133,SSH Brute Force,Auth Failure,High
2026-01-03 15:51:53,192.168.107.132,192.168.107.133,SSH Brute Force,Auth Failure,High
2026-01-03 15:51:53,192.168.107.132,192.168.107.133,SSH Brute Force,Auth Failure,High
2026-01-03 15:51:54,192.168.107.132,192.168.107.133,SSH Brute Force,Auth Failure,High
2026-01-03 15:51:54,192.168.107.132,192.168.107.133,SSH Brute Force,Auth Failure,High
2026-01-03 15:51:54,192.168.107.132,192.168.107.133,SSH Brute Force,Auth Failure,High
2026-01-03 15:51:56,192.168.107.132,192.168.107.133,SSH Brute Force,Auth Failure,High
2026-01-03 15:51:57,192.168.107.132,192.168.107.133,SSH Brute Force,Auth Failure,High
2026-01-03 15:51:57,192.168.107.132,192.168.107.133,SSH Brute Force,Auth Failure,High
2026-01-03 15:51:57,192.168.107.132,192.168.107.133,SSH Brute Force,Auth Failure,High
2026-01-03 15:51:57,192.168.107.132,192.168.107.133,SSH Brute Force,Auth Failure,High
2026-01-03 15:51:57,192.168.107.132,192.168.107.133,SSH Brute Force,Auth Failure,High
2026-01-03 15:51:57,192.168.107.132,192.168.107.133,SSH Brute Force,Auth Failure,High
2026-01-03 15:51:57,192.168.107.132,192.168.107.133,SSH Brute Force,Auth Failure,High
2026-01-03 15:51:57,192.168.107.132,192.168.107.133,SSH Brute Force,Auth Failure,High
2026-01-03 15:51:57,192.168.107.132,192.168.107.133,SSH Brute Force,Auth Failure,High
2026-01-03 15:51:57,192.168.107.132,192.168.107.133,SSH Brute Force,Auth Failure,High
2026-01-03 15:51:57,192.168.107.132,192.168.107.133,SSH Brute Force,Auth Failure,High
2026-01-03 15:51:57,192.168.107.132,192.168.107.133,SSH Brute Force,Auth Failure,High
2026-01-03 15:51:57,192.168.107.132,192.168.107.133,SSH Brute Force,Auth Failure,High
2026-01-03 15:51:58,192.168.107.132,192.168.107.133,SSH Brute Force,Auth Failure,High
2026-01-03 15:52:00,192.168.107.132,192.168.107.133,SSH Brute Force,Auth Failure,High
2026-01-03 15:52:00,192.168.107.132,192.168.107.133,SSH Brute Force,Auth Failure,High
2026-01-03 15:52:00,192.168.107.132,192.168.107.133,SSH Brute Force,Auth Failure,High
2026-01-03 15:52:00,192.168.107.132,192.168.107.133,SSH Brute Force,Auth Failure,High
2026-01-03 15:52:00,192.168.107.132,192.168.107.133,SSH Brute Force,Auth Failure,High
2026-01-03 15:52:00,192.168.107.132,192.168.107.133,SSH Brute Force,Auth Failure,High
2026-01-03 15:52:00,192.168.107.132,192.168.107.133,SSH Brute Force,Auth Failure,High
2026-01-03 15:52:00,192.168.107.132,192.168.107.133,SSH Brute Force,Auth Failure,High
2026-01-03 15:52:00,192.168.107.132,192.168.107.133,SSH Brute Force,Auth Failure,High
2026-01-03 15:52:00,192.168.107.132,192.168.107.133,SSH Brute Force,Auth Failure,High
2026-01-03 15:52:00,192.168.107.132,192.168.107.133,SSH Brute Force,Auth Failure,High
2026-01-03 15:52:00,192.168.107.132,192.168.107.133,SSH Brute Force,Auth Failure,High
2026-01-03 15:52:00,192.168.107.132,192.168.107.133,SSH Brute Force,Auth Failure,High
2026-01-03 15:52:00,192.168.107.132,192.168.107.133,SSH Brute Force,Auth Failure,High
2026-01-03 15:52:04,192.168.107.132,192.168.107.133,SSH Brute Force,Auth Failure,High
2026-01-03 15:52:04,192.168.107.132,192.168.107.133,SSH Brute Force,Auth Failure,High
2026-01-03 15:52:04,192.168.107.132,192.168.107.133,SSH Brute Force,Auth Failure,High
2026-01-03 15:52:04,192.168.107.132,192.168.107.133,SSH Brute Force,Auth Failure,High
2026-01-03 15:52:04,192.168.107.132,192.168.107.133,SSH Brute Force,Auth Failure,High
2026-01-03 15:52:04,192.168.107.132,192.168.107.133,SSH Brute Force,Auth Failure,High
2026-01-03 15:52:04,192.168.107.132,192.168.107.133,SSH Brute Force,Auth Failure,High
2026-01-03 15:52:04,192.168.107.132,192.168.107.133,SSH Brute Force,Auth Failure,High
2026-01-03 15:52:04,192.168.107.132,192.168.107.133,SSH Brute Force,Auth Failure,High
2026-01-03 15:52:04,192.168.107.132,192.168.107.133,SSH Brute Force,Auth Failure,High
2026-01-03 15:52:04,192.168.107.132,192.168.107.133,SSH Brute Force,Auth Failure,High
2026-01-03 15:52:04,192.168.107.132,192.168.107.133,SSH Brute Force,Auth Failure,High
2026-01-03 15:52:04,192.168.107.132,192.168.107.133,SSH Brute Force,Auth Failure,High
2026-01-03 15:52:04,192.168.107.132,192.168.107.133,SSH Brute Force,Auth Failure,High
2026-01-03 15:52:05,192.168.107.132,192.168.107.133,SSH Brute Force,Auth Failure,High
2026-01-03 15:52:05,192.168.107.132,192.168.107.133,SSH Brute Force,Auth Failure,High
2026-01-03 15:52:05,192.168.107.132,192.168.107.133,SSH Brute Force,Auth Failure,High
2026-01-03 15:52:05,192.168.107.132,192.168.107.133,SSH Brute Force,Auth Failure,High
2026-01-03 15:52:05,192.168.107.132,192.168.107.133,SSH Brute Force,Auth Failure,High
2026-01-03 15:52:05,192.168.107.132,192.168.107.133,SSH Brute Force,Auth Failure,High
2026-01-03 15:52:05,192.168.107.132,192.168.107.133,SSH Brute Force,Auth Failure,High
2026-01-03 15:52:05,192.168.107.132,192.168.107.133,SSH Brute Force,Auth Failure,High
2026-01-03 15:52:05,192.168.107.132,192.168.107.133,SSH Brute Force,Auth Failure,High
2026-01-03 15:52:05,192.168.107.132,192.168.107.133,SSH Brute Force,Auth Failure,High
2026-01-03 15:52:05,192.168.107.132,192.168.107.133,SSH Brute Force,Auth Failure,High
2026-01-03 15:52:05,192.168.107.132,192.168.107.133,SSH Brute Force,Auth Failure,High
2026-01-03 15:52:05,192.168.107.132,192.168.107.133,SSH Brute Force,Auth Failure,High
2026-01-03 15:52:05,192.168.107.132,192.168.107.133,SSH Brute Force,Auth Failure,High
2026-01-03 15:52:06,192.168.107.132,192.168.107.133,Cross-Site Scripting (XSS),Exploit Attempt,High
2026-01-03 15:52:09,192.168.107.132,192.168.107.133,SQL Injection Attempt,Exploit Attempt,High
2026-01-03 15:59:54,Internal,192.168.107.133,System Login,Access Granted,Medium
2026-01-03 15:59:54,Internal,192.168.107.133,System Login,Access Granted,Medium
2026-01-03 16:01:04,Internal,192.168.107.133,System Login,Access Granted,Medium
2026-01-03 16:01:16,Internal,192.168.107.133,System Login,Access Granted,Medium
2026-01-03 16:01:29,Internal,192.168.107.133,System Login,Access Granted,Medium
